id,shield_label,split
cand_1,normal,test
cand_2,normal,test
cand_3,normal,dev
cand_4,normal,dev
cand_5,normal,dev
cand_6,normal,dev
cand_7,normal,dev
cand_8,normal,dev
cand_9,normal,test
cand_10,normal,test
cand_11,normal,test
cand_12,normal,dev
cand_13,normal,dev
cand_14,normal,test
cand_15,normal,test
cand_16,normal,dev
cand_17,normal,test
cand_18,normal,dev
cand_19,normal,test
cand_20,normal,dev
cand_21,normal,test
cand_22,normal,dev
cand_23,normal,dev
cand_24,normal,test
cand_25,normal,test
cand_26,normal,test
cand_27,normal,test
cand_28,normal,test
cand_29,normal,test
cand_30,normal,dev
cand_31,normal,dev
cand_32,normal,test
cand_33,normal,dev
cand_34,normal,test
cand_35,normal,dev
cand_36,medium,test
cand_37,medium,test
cand_38,medium,dev
cand_39,low,dev
cand_40,low,dev
cand_41,medium,dev
cand_42,medium,test
cand_43,low,test
cand_44,medium,test
cand_45,low,test
cand_46,medium,test
cand_47,medium,dev
cand_48,low,test
cand_49,medium,dev
cand_50,low,dev
cand_51,medium,dev
cand_52,low,test
cand_53,medium,test
cand_54,medium,dev
cand_55,low,dev
cand_56,high,dev
cand_57,high,dev
cand_58,critical,dev
cand_59,high,dev
cand_60,high,dev
cand_61,high,test
cand_62,critical,test
cand_63,high,dev
cand_64,critical,dev
cand_65,high,test
cand_66,high,test
cand_67,critical,test
cand_68,high,test
cand_69,high,test
cand_70,critical,dev
cand_71,critical,dev
cand_72,high,dev
cand_73,critical,test
cand_74,high,test
cand_75,high,dev
cand_76,critical,dev
cand_77,high,test
cand_78,high,test
cand_79,high,test
cand_80,critical,test
cand_81,critical,test
cand_82,critical,dev
cand_83,critical,test
cand_84,high,dev
cand_85,high,test
cand_86,high,dev
cand_87,critical,dev
cand_88,high,dev
cand_89,critical,test
cand_90,high,test
